{"cameraMode":{"drawMode":0,"name":"Shaded","section":"Shading Mode"},"sceneLighting":false,"audioPlay":false,"sceneViewState":{"showFog":false,"showMaterialUpdate":false,"showSkybox":false,"showFlares":false,"showImageEffects":true,"showParticleSystems":false,"showVisualEffectGraphs":true,"m_FxEnabled":true},"in2DMode":false,"pivot":{"x":0.5970377922058106,"y":1.2527557611465455,"z":0.07097643613815308},"rotation":{"x":-0.05486128851771355,"y":-0.9222941994667053,"z":0.14251770079135896,"w":-0.3550829291343689},"size":1.0016541481018067,"orthographic":false}