{"cameraMode":{"drawMode":0,"name":"Shaded","section":"Shading Mode"},"sceneLighting":false,"audioPlay":false,"sceneViewState":{"showFog":false,"showMaterialUpdate":false,"showSkybox":false,"showFlares":false,"showImageEffects":true,"showParticleSystems":false,"showVisualEffectGraphs":true,"m_FxEnabled":true},"in2DMode":false,"pivot":{"x":0.2391214668750763,"y":0.24968910217285157,"z":-0.902916431427002},"rotation":{"x":0.013689734973013401,"y":-0.9546698927879334,"z":0.2940691113471985,"w":0.04441484063863754},"size":1.0839459896087647,"orthographic":false}